pedido;nombre_cliente;apellido_cliente;estado_pedido;fecha_registro
1;Blondie;McGauhy;false;4/02/2023
2;Sherye;Pilch;false;27/06/2023
3;Julius;Chinge de Hals;false;7/02/2023
4;Lanni;Wegenen;true;20/08/2023
5;Betty;Klimus;true;26/08/2023
6;Ibbie;Chowne;false;24/03/2023
7;Sonny;Paddon;false;25/02/2024
8;Marcile;Hurdedge;false;8/09/2023
9;Flemming;Middas;true;20/04/2023
10;Jule;Vivers;true;10/05/2023
11;Shaughn;Canario;true;27/10/2023
12;Addi;Bernardi;true;6/06/2024
13;Esma;Hanscomb;true;11/03/2023
14;Iolande;Crummay;true;19/09/2023
15;Eliot;Giorgielli;false;26/02/2023
16;Hube;Slide;true;3/06/2023
17;Ranique;Bondley;true;11/01/2024
18;Tirrell;Matthessen;false;12/09/2023
19;Ermina;Pym;true;29/01/2023
20;Kenny;Chatin;false;20/06/2023
21;Chrotoem;Wonfor;false;18/06/2024
22;Benton;Caulton;true;11/12/2023
23;Darell;Landa;true;8/02/2023
24;Wyatan;Jikovsky;false;7/04/2024
25;Clementina;Jiricka;true;12/10/2023
26;Osbourn;MacCracken;true;7/05/2024
27;Linn;Cripin;true;5/06/2024
28;Bordy;Alaway;false;22/09/2023
29;Fidelity;Code;true;18/06/2023
30;Cristin;Jonke;true;17/03/2023
31;Drusi;Tranfield;true;12/08/2023
32;Torre;Bever;false;28/08/2023
33;Kaleb;Brisard;false;14/10/2023
34;Cecilius;Stockoe;false;9/07/2023
35;Cherin;Caesmans;false;4/03/2024
36;Beverley;Newiss;talse;15/04/2023
37;Madison;Frarey;true;19/01/2023
38;Constantina;Stoute;true;24/03/2024
39;Ev;Sleightholm;true;25/04/2023
40;Paulina;Greensides;false;8/02/2024
41;Sheela;Hei;false;6/07/2024
42;Bert;Clubley;false;1/05/2024
43;Meta;Dimmer;false;23/04/2023
44;Mab;Rowthorn;false;2/02/2023
45;Banky;Preston;true;16/11/2023
46;Nick;Llywarch;false;12/10/2023
47;Saunderson;Bachshell;true;3/02/2024
48;Meredith;Grendon;false;9/07/2023
49;Dorothee;Assaf;true;13/01/2023
50;Silvia;Denmead;true;23/06/2024
51;Lida;Pratton;false;17/12/2023
52;Daffy;Combe;true;25/04/2024
53;Ardys;Blackway;true;30/05/2023
54;Hastie;Columbell;false;6/04/2023
55;Titus;Meneo;true;13/11/2023
56;Merrill;Purtell;true;2/08/2023
57;Marna;Branni;true;25/02/2023
58;Joane;O'Hickee;true;16/08/2023
59;Gabe;Rudeforth;false;21/04/2023
60;Michale;Blooman;true;14/04/2023
61;Chevalier;Collumbine;false;13/01/2024
62;Hillie;Ilden;false;12/01/2023
63;Kitty;Tunnock;false;31/03/2023
64;Joshia;Gorstidge;true;13/03/2024
65;Cyril;Gove;true;30/01/2023
66;Sibella;Flippen;false;11/05/2024
67;Gordy;Citrine;false;24/12/2023
68;Jarrid;Lamonby;true;16/10/2023
69;Sapphira;Hargreave;false;10/04/2023
70;Omar;Filippov;true;28/01/2024
71;Thorn;Brine;true;15/09/2023
72;Whitney;Dutnell;false;28/05/2024
73;Manolo;Noseworthy;true;19/07/2023
74;Eddy;Blunn;true;1/10/2023
75;Julian;Lordon;tru e;7/07/2023
76;Diandra;Pudsall;false;17/06/2023
77;Nester;Stare;false;11/04/2024
78;Harland;De Biaggi;false;10/11/2023
79;Chick;Yeo;true;3/03/2023
80;Aristotle;Alyutin;true;4/03/2023
81;Deb;Ivantyev;false;16/07/2023
82;Georgetta;Dobell;false;11/08/2023
83;Pennie;MacEveley;true;1/05/2023
84;Miof mela;Ahrens;true;30/04/2024
85;Ramsay;Knowlys;true;6/10/2023
86;Sherlocke;Shildrick;true;24/08/2023
87;Maurine;Olenchenko;true;24/11/2023
88;Cloris;Easthope;true;6/12/2023
89;Marve;Mizen;true;25/11/2023
90;Kliment;Prestland;false;6/07/2023
91;Ban;Ord;true;4/03/2023
92;Happy;Cessford;false;6/05/2024
93;Nicoline;Guidetti;true;28/05/2023
94;Dennis;Yakushkev;true;12/03/2024
95;Leslie;Fordyce;false;6/02/2023
96;Rebecca;Fieldstone;true;9/01/2024
97;Bessie;Bassano;false;10/02/2023
98;Ricky;Gostall;false;16/03/2023
99;Lina;Loudon;false;13/02/2024
100;Lars;Tousy;false;12/05/2023
101;Remington;Mackneis;true;25/02/2024
102;Giorgio;Kearey;false;24/02/2023
103;Jackson;Falloon;true;15/05/2023
104;Hyacinthie;McNerlin;true;29/02/2024
105;Cameron;Ochterlony;false;19/01/2023
106;Fanya;Banat;true;31/01/2023
107;Zaria;Sautter;false;23/04/2023
108;Pauli;Elia;false;24/06/2023
109;Stepha;Trill;true;11/05/2024
110;Hortensia;Lavalde;true;28/11/2023
111;Sandor;Fawbert;true;25/12/2023
112;Saloma;Laraway;true;21/09/2023
113;Farlie;Creaser;false;13/02/2023
114;Venita;Lafflin;false;7/11/2023
115;Thaddeus;Erridge;true;11/08/2023
116;Renaud;Surguine;false;22/01/2024
117;Rip;Czapla;true;13/06/2023
118;Edmund;Sealey;false;7/01/2024
119;Morton;Hadland;true;17/03/2023
120;Wilfred;Kiffin;false;13/02/2024
121;Eilis;Becerro;true;12/02/2023
122;Caria;holmes;false;31/05/2023
123;Colman;Hexam;false;28/04/2023
124;Fae;Gobolos;false;2/04/2023
125;Lois;Roft;false;12/03/2024
126;Storm;Mapplebeck;true;8/05/2023
127;Korry;Bainbridge;false;2/03/2023
128;Cosimo;Fiske;true;9/06/2024
129;Thornton;Rookledge;false;25/05/2023
130;Edd;Seabridge;false;14/05/2024
131;Hillier;Demetr;true;1/05/2024
132;Robinetta;Dignam;true;23/09/2023
133;Dennie;Godbolt;true;12/05/2023
134;Reube;Eberle;true;17/04/2024
135;Frederick;Bertolaccini;false;22/11/2023
136;Nessa;Boshier;false;13/05/2024
137;Bronson;Le Hucquet;true;20/10/2023
138;Chiquita;Tweede;true;25/02/2023
139;Brandtr;Zapata;false;1/04/2024
140;Christy;Bridden;true;1/05/2023
141;Crystal;Poxon;true;3/04/2023
142;Dru;Brinklow;true;5/01/2024
143;Broddy;Guilloton;true;24/03/2024
144;Chick;Tague;false;19/04/2023
145;Abel;MacNeilly;true;6/05/2024
146;Kennie;Tate;false;15/06/2024
147;Ulberto;Winchcomb;true;26/12/2023
148;Zandra;Edge;false;26/07/2023
149;Elijah;Wellesley;true;3/10/2023
150;Jackelyn;Kwietek;false;3/04/2023
151;Wynn;Fleming;true;20/10/2023
152;Gaelan;Kimbrey;true;23/01/2024
153;Yettie;Giorio;true;30/03/2024
154;Jobie;Powland;true;1/04/2024
155;Lyndel;Greenslade;true;3/06/2024
156;Upton;Tinston;false;1/03/2023
157;Mariquilla;Reeders;true;10/07/2024
158;Osbourn;Pollastrino;true;17/12/2023
159;Darelle;Accomb;true;12/03/2023
160;Elden;Goodier;true;3/02/2023
161;Sampson;Murcott;false;18/12/2023
162;Matilde;Pease;true;28/06/2024
163;Alec;Khristyukhin;true;23/01/2023
164;Wendel;Betancourt;true;1/05/2023
165;Margit;Neillans;false;25/04/2023
166;Toddy;Dickins;false;8/05/2023
167;Niles;Smowton;false;15/06/2023
168;Jessalyn;Shoard;true;18/02/2023
169;Elsinore;Devo;true;17/08/2023
170;Fanchon;Dimitrov;false;13/02/2024
171;Gideon;Ciabatteri;true;14/12/2023
172;Millard;Newns;false;26/02/2023
173;Sada;Axworthy;true;6/06/2024
174;Hakeem;Shimon;true;3/04/2023
175;Mirabella;Pocklington;true;3/07/2024
176;Warde;Hacaud;true;3/08/2023
177;Anders;Lucey;false;8/06/2024
178;Chas;Gask;false;23/03/2023
179;Diane;How to preserve;false;23/03/2024
180;Stinky;Royans;false;8/03/2024
181;Caryl;Crinidge;false;30/03/2023
182;Hastie;Wotherspoon;true;5/03/2023
183;Bianka;Goare;false;13/04/2024
184;Dorthy;Windous;true;9/07/2024
185;Rochelle;Lundon;false;16/03/2023
186;Cynthie;Klementz;true;23/10/2023
187;Madelon;Hyett;false;11/05/2024
188;Norina;Keaysell;false;13/06/2023
189;Dominik;Rysdale;true;3/03/2024
190;Starlin;Torra;false;16/06/2023
191;Terrell;Aguirrezabala;true;26/03/2023
192;Killie;Faulkes;false;17/12/2023
193;Stan;Crusham;true;4/09/2023
194;Danit;Longbothom;false;19/06/2023
195;Debor;Gouch;true;1/05/2023
196;Fallon;Ribou;false;3/03/2023
197;Justinian;Chopin;false;24/04/2024
198;Cecil;Weatherburn;true;16/03/2024
199;Jennifer;Lamblot;true;30/11/2023
200;Tarah;Abramski;false;16/07/2024
201;Rance;Sawney;true;11/01/2024
202;Umberto;Swadlin;true;22/03/2023
203;Lula;Breens;false;3/04/2024
204;Emelina;Brotherton;false;31/01/2024
205;Devlin;Pautot;false;15/07/2023
206;Jarad;Ipgrave;true;11/11/2023
207;Veronike;Dunrige;false;25/05/2023
208;Deina;Torritti;false;26/08/2023
209;Yehudit;Ronayne;false;20/04/2024
210;Dougy;MacAnellye;false;1/09/2023
211;Terrill;Purves;true;18/04/2024
212;Nanette;Damiral;false;24/09/2023
213;Marget;Gerrit;false;1/10/2023
214;Jamil;Brende;false;26/02/2023
215;Edin;Eggar;true;14/06/2024
216;Giffie;Fidgin;false;20/12/2023
217;Miguel;Kleen;true;26/01/2023
218;Bryn;Valente;true;23/05/2023
219;Kingsly;Cayzer;true;9/09/2023
220;Madelaine;Kleyn;false;12/03/2024
221;Heinrik;Titlow;true;29/07/2023
222;Teodoro;Winterbourne;true;7/02/2023
223;Judye;Thunderman;true;5/11/2023
224;Shellysheldon;Beardsdale;false;25/07/2023
225;Nicolette;Witling;true;18/05/2023
226;Kaleb;Denisovich;true;22/01/2024
227;Tadio;Guidini;true;6/06/2023
228;Derby;Severy;false;26/05/2024
229;Alyce;Scading;false;29/12/2023
230;Elle;Russon;false;27/03/2023
231;Wally;Bertomier;false;20/12/2023
232;Lindsy;Scroggs;true;11/10/2023
233;Kalila;Rogers;true;23/05/2023
234;Giordano;Dyte;true;4/11/2023
235;Townie;Colebourne;true;29/03/2023
236;Sigfrid;Keave;true;25/08/2023
237;Joni;Valiant;false;21/01/2024
238;Sabra;Killiam;false;4/04/2023
239;Katina;Hawke;true;19/09/2023
240;Camile;De la Perrelle;true;13/07/2023
241;Bronnie;Mettericke;true;13/09/2023
242;Gamaliel;Ebbins;false;25/08/2023
243;Martha;Scollard;false;6/07/2024
244;Dannye;Woolstenholmes;false;30/06/2023
245;Morlee;Kerrane;true;24/01/2023
246;Brandie;Clilverd;true;1/03/2024
247;Amos;Berthe;true;17/01/2023
248;Mikol;Battlestone;false;24/11/2023
249;Tracey;Klimas;false;16/05/2023
250;Barnebas;Gierck;true;1/06/2024
251;Prent;Marrows;false;22/03/2024
252;Etan;Cary;false;11/08/2023
253;Kellyann;Littrell;true;1/12/2023
254;Kendre;Bachanski;true;11/04/2023
255;Elbertina;Wansbury;true;20/04/2023
256;Rafaellle;Scutcheon;true;14/03/2023
257;Norry;Ormond;false;4/04/2023
258;Sayer;Sorley;false;19/04/2024
259;Morgen;Eathorne;true;3/03/2024
260;Muffin;Brazur;false;19/10/2023
261;Yolanthe;Marusyak;false;1/03/2023
262;Delmore;Cleugh;true;27/12/2023
263;Orville;Freddi;false;6/02/2024
264;Saree;Potten;false;18/03/2023
265;Trudey;Antony;false;25/03/2024
266;Fairleigh;Lamba;false;20/01/2023
267;Marylee;O'Glassane;true;31/10/2023
268;Bee;Hasling;true;13/05/2023
269;Callean;Bidgod;false;5/06/2023
270;Lanny;Tuminelli;false;18/08/2023
271;Timmi;Banaszczyk;true;14/04/2023
272;Dede;Leroy;true;27/11/2023
273;Bar;Lamort;true;28/05/2024
274;Mose;Joselovitch;false;10/08/2023
275;Ilysa;Yanshonok;false;2/11/2023
276;Norry;Avent;false;4/11/2023
277;Joscelin;Mackelworth;false;7/03/2024
278;Goraud;Burdytt;false;1/01/2023
279;Thaine;Petigrew;false;10/01/2023
280;Orson;Peagrim;true;16/12/2023
281;Vasily;Joiner;true;13/07/2023
282;Madelon;McCrory;false;2/06/2023
283;Hanan;Klimaszewski;true;26/03/2024
284;Terrill;Clingoe;false;24/05/2024
285;Olimpia;Cottingham;false;13/05/2023
286;Livvie;Eckhard;true;9/12/2023
287;Adele;Strover;true;13/02/2024
288;Rutger;Scurrey;false;8/03/2024
289;Walther;Fittall;true;28/06/2023
290;Estele;Mackro;true;11/08/2023
291;Shellysheldon;Quaif;false;7/01/2023
292;Myriam;Bagnold;false;28/04/2023
293;Talya;Kopke;false;27/05/2024
294;Jermain;Steffens;truue;19/09/2023
295;Brier;Paolone;false;14/11/2023
296;Karna;Moody;true;19/01/2023
297;Fanchon;Townes;true;15/07/2023
298;Jeremias;Fookes;false;30/12/2023
299;Curtice;Cayley;true;12/04/2024
300;Nadiya;Carpmile;false;18/06/2024
301;Pauli;Soane;false;1/01/2024
302;Hollyanne;Mathiasen;true;8/01/2023
303;Thane;Jeannon;true;14/03/2024
304;Freemon;Chevers;true;7/03/2023
305;Flint;Beales;true;8/03/2024
306;Dredi;Wolstencroft;false;9/04/2024
307;Hart;Murray;false;15/01/2024
308;Stevana;Persse;true;6/04/2023
309;Trever;Dolman;false;18/03/2023
310;Marybelle;Linsley;false;12/01/2023
311;Nedda;Rowena;false;8/11/2023
312;Fairfax;Rouke;false;18/06/2023
313;Amerigo;Ivetts;true;7/07/2023
314;Jameson;Halbard;false;20/06/2023
315;Sinclare;Clampe;false;27/01/2023
316;Ingeberg;Ringsell;false;11/04/2023
317;Rollie;Farra;true;24/03/2023
318;Adelheid;Barock;false;15/03/2024
319;Franciska;Fullard;false;23/06/2023
320;Ileana;Jeffcock;false;30/05/2023
321;Frances;Thripp;false;23/03/2023
322;Adriaens;Robjant;false;9/01/2024
323;Jeni;Lorrie;false;20/02/2024
324;Janifer;Leahair;false;15/04/2023
325;Garald;Houlaghan;false;23/05/2023
326;Reese;Kellegher;false;21/04/2024
327;Kissie;Godsal;true;25/08/2023
328;Kirsti;Flaxman;true;9/09/2023
329;Josy;Varker;true;20/05/2024
330;Kermit;Risbrough;true;19/02/2023
331;Gillan;Trude;true;30/07/2023
332;Denver;Castiglio;false;16/02/2023
333;Mycah;Meak;false;18/02/2024
334;Guilbert;Cull;true;22/01/2023
335;Aaren;Stickland;true;27/04/2023
336;Ambur;Bene;false;2/07/2024
337;Hill;Rimmington;false;13/01/2023
338;Shena;Levermore;true;30/09/2023
339;Melodee;Moir;true;11/02/2023
340;Alane;Lyddiard;true;5/10/2023
341;Adolph;Santi;true;17/02/2023
342;Maura;Matthius;false;6/01/2023
343;Harlene;Bickardike;false;14/09/2023
344;Maurise;Turgoose;false;20/02/2023
345;Gustie;Surtees;true;9/06/2023
346;Aymer;Prettyjohn;true;2/03/2024
347;Jarib;Selman;false;16/04/2023
348;Cort;Dowda;true;8/03/2024
349;Veradis;Jacquet;false;16/05/2024
350;Arly;Vlach;false;7/04/2023
351;Deeanne;Iacovone;true;28/03/2023
352;Lani;Olliff;false;19/05/2024
353;Talia;Nassey;true;27/07/2023
354;Lana;Kinnard;false;14/02/2023
355;Kristine;O' Shea;true;19/02/2024
356;Alasteir;Clubbe;true;23/12/2023
357;Ransell;Gregolotti;true;7/06/2023
358;Ax;Kidson;true;3/07/2024
359;Eustacia;Whittam;true;13/01/2023
360;Carita;Cruttenden;false;28/10/2023
361;Alejandrina;Yanshonok;true;2/05/2023
362;Rowland;Abbett;false;26/05/2023
363;Karisa;Lind;false;22/03/2023
364;Casper;Bread;false;2/09/2023
365;Carly;Mycroft;false;21/05/2023
366;Ede;Mager;true;23/08/2023
367;Camile;Burcombe;false;20/01/2024
368;Jo;Guilliland;true;28/03/2023
369;Yasmin;Cavet;true;19/04/2023
370;Liva;Cheesworth;false;16/04/2024
371;Quillan;Frantzen;false;19/04/2023
372;Nicolis;Ciccetti;false;17/08/2023
373;Rakel;Girt;false;15/10/2023
374;Bertrando;Earry;false;16/07/2024
375;Toddie;Flanner;true;6/07/2023
376;Maxy;Lasseter;true;5/06/2024
377;Olympie;Curtis;true;20/03/2023
378;Teodora;Adamov;true;9/04/2023
379;Jedidiah;Heighway;false;2/06/2024
380;Hughie;Mossom;false;29/05/2023
381;Lawrence;McIlveen;false;3/08/2023
382;Haily;Potten;true;29/02/2024
383;Lynsey;Glentz;false;14/04/2023
384;Abbey;Nijs;true;9/04/2024
385;Kristine;Woodage;true;1/06/2023
386;Chaddie;Fingleton;false;5/01/2024
387;Melanie;McClaurie;false;1/04/2024
388;Colene;Grannell;false;29/11/2023
389;Roze;Borthram;true;26/05/2024
390;Tallie;Moakes;true;12/02/2023
391;Charlton;Stoneman;false;24/12/2023
392;Silvio;Rosiello;true;17/03/2024
393;Catherina;Goullee;true;11/07/2024
394;Abigale;Applebee;false;25/12/2023
395;Avivah;Lope;false;13/05/2023
396;Randie;Liccardo;false;14/07/2023
397;Raimundo;Januszkiewicz;true;23/02/2024
398;Noam;Fancott;false;2/04/2023
399;Monro;Wiersma;false;7/05/2023
400;Olenka;Folke;false;27/01/2023
401;Lauri;Grendon;true;14/11/2023
402;Humfrey;Iacomelli;false;24/12/2023
403;Monty;Ashfold;false;22/02/2024
404;Debera;Camillo;false;7/05/2024
405;Scot;Georger;false;17/03/2023
406;Pammie;Daintree;false;27/02/2023
407;Talbot;Golden;true;22/05/2023
408;Caril;Welchman;false;6/09/2023
409;Benedikta;Lacoste;false;27/08/2023
410;Karoly;Lovegrove;true_;23/06/2024
411;Averill;Eake;false;21/12/2023
412;Dwayne;Bragg;false;29/05/2024
413;Johnna;Posvner;false;11/01/2024
414;Yalonda;Corssen;true;22/03/2024
415;Demetris;Kneale;true;20/03/2024
416;Abagail;Chastan;true;4/01/2023
417;Pincus;Risdall;false;27/08/2023
418;Eimile;Mackness;true;26/08/2023
419;Dorian;Carss;true;12/07/2024
420;Adeline;Karoly;false;6/09/2023
421;Patin;Issacov;false;15/07/2024
422;Haley;Sandilands;false;26/01/2023
423;Carolus;Foskew;false;17/05/2023
424;Sebastiano;Messier;false;1/10/2023
425;Adam;Odams;false;16/05/2023
426;Alexina;Hedling;true;16/11/2023
427;Edsel;Strathern;false;21/01/2023
428;Currie;Buckthorp;false;29/10/2023
429;Wiley;McCaskill;false;22/03/2024
430;Kyle;Dittson;true;7/07/2024
431;Mina;Severs;true;10/03/2023
432;Tedman;Perrins;true;5/01/2024
433;Brandise;Gossington;true;7/06/2024
434;Solly;Abramzon;false;25/02/2023
435;Giraldo;Sherwell;false;23/01/2024
436;Brody;Behn;false;17/04/2024
437;Foster;Logsdail;true;3/01/2024
438;Maximilien;Wright;true;28/12/2023
439;Zarah;Maudlin;true;20/03/2024
440;Mattias;Reily;true;11/03/2023
441;Raoul;Barter;false      ;17/03/2024
442;Lance;Redparth;true;12/02/2024
443;Oliy;Mergue;true;14/01/2024
444;Lon;Heephy;false;28/06/2024
445;Millisent;Dickons;   false;22/04/2023
446;Kele;Ginni;true;30/01/2024
447;Millard;Ros;false;3/11/2023
448;Eugen;Ricciardo;true;6/02/2023
449;Viv;Musker;false;10/05/2024
450;Edmund;Lingner;true;4/01/2023
451;Georgia;Piet;false;10/10/2023
452;Cherianne;Patrickson;false;10/07/2024
453;Beverlee;Liverock;false;31/10/2023
454;Prudi;Effemy;true;14/07/2024
455;Humfrey;Emberton;false;10/04/2024
456;Augy;Mason;false;30/04/2023
457;Artemas;Pitcher;true;13/03/2023
458;Beck;Lyosik;false;2/07/2024
459;Margaretha;Roxbee;true;22/04/2024
460;Cointon;Bantock;true;7/04/2023
461;Micheil;Brandassi;false;21/03/2024
462;Cindie;Madle;false;6/08/2023
463;Lorne;Heatlie;    true;2/04/2023
464;Sallie;Amberger;false;10/01/2024
465;Nickey;Drinkale;false;25/12/2023
466;Brittney;Rosenthaler;false;27/11/2023
467;Kassandra;Mergue;false;5/04/2023
468;Lorant;Gallifont;false;11/04/2024
469;Haroun;Gash;false;6/11/2023
470;Ernesto;Bradbury;false;2/05/2023
471;Willetta;Devany;true;1/03/2024
472;Calypso;Mowsdale;false;19/04/2024
473;Jamison;Wickliffe;false;13/04/2023
474;Gregorio;Rozsa;true;24/05/2023
475;Noam;Godman;true;13/09/2023
476;Hephzibah;Ranstead;true;23/06/2024
477;Marianna;Paterson;false;20/07/2023
478;Dominick;Kohrsen;false;14/12/2023
479;Tye;Dodridge;true;2/02/2024
480;Ellis;Dignall;true;29/03/2023
481;Joshuah;Cottrell;true  ;9/03/2024
482;Hyacinth;Chaudret;true;30/06/2023
483;Floris;Ranyelld;false;31/01/2024
484;Nancey;Mensler;false;4/10/2023
485;Kellsie;McCready;false;17/10/2023
486;Katerine;Hallock;false;24/04/2024
487;Nikkie;Carlan;false;6/02/2023
488;Frederick;Arthan;false;8/05/2023
489;Dulcea;Filippi;true;7/05/2023
490;Nomi;Kenworth;true;5/03/2024
491;Lilly;Parry;true;20/02/2024
492;Hayes;Dedham;false;2/05/2023
493;Kata;Rubinek;true;11/01/2023
494;Shea;Badwick;true;7/02/2023
495;Grete;Busse;false;27/06/2023
496;Millard;Tattersfield;false;20/06/2023
497;Gillan;Frankema;false;21/01/2023
498;Daune;Gye;true  ;16/06/2023
499;Justinn;Spinige;false;13/07/2024
500;Ryan;Jozwicki;true;10/06/2023
501;Jase;Weatherup;false;19/01/2023
502;Dell;Hugonneau;false;6/02/2024
503;Darby;Tallow;true;5/10/2023
504;Fern;Bear;false;28/02/2023
505;Andreas;Benedettini;true;20/11/2023
506;Jaclin;Menco;false;19/11/2023
507;Harlie;Ingyon;false;23/11/2023
508;Biddie;Pelchat;false;22/05/2023
509;Margalit;Dufton;true;16/10/2023
510;Kyrstin;Pickles;true;14/01/2024
511;Bel;Endon;true;26/04/2023
512;Lou;Self;false;23/11/2023
513;Codee;Melley;true;3/03/2024
514;Mattie;Conaboy;true;13/02/2024
515;Nelson;McLaverty;false;15/09/2023
516;Tybie;Quinet;true;25/05/2024
517;Dulcinea;Brisland;true;22/05/2024
518;Katya;Androlli;false;7/07/2023
519;Carla;Curedell;false;31/03/2023
520;Ianthe;Tarply;true;22/10/2023
521;Gavan;Gaggen;trueke;12/05/2023
522;Lewes;Mooreed;false;30/03/2024
523;Hildegarde;Schooling;false;30/01/2024
524;Normy;Chsteney;true;13/05/2023
525;Decca;Gillham;false;19/01/2023
526;Caddric;Joincey;true;23/03/2024
527;Felizio;Bevans;false;12/02/2023
528;Linea;Parzizek;false;17/05/2024
529;Thorsten;Payne;true;18/08/2023
530;Danica;Ridsdole;false;24/08/2023
531;Anallese;Deex;false;19/04/2024
532;Ariel;Lalevee;false;30/01/2023
533;Flori;Peegrem;false;3/02/2024
534;Tyne;Skaif;true;23/04/2023
535;Janeen;Siddens;true;17/05/2024
536;Kerianne;Ragsdale;true;20/04/2024
537;Minnie;Josupeit;false;22/07/2023
538;Kathy;Barber;false;16/02/2023
539;Ty;Plumridege;true;18/01/2023
540;Merrill;Gregory;false;21/05/2024
541;Lowell;O'Gavin;false;23/05/2024
542;Irita;Toone;true;2/06/2023
543;Kerwinn;Bumpass;true;12/10/2023
544;Lauretta;Matelyunas;true;14/02/2024
545;Seamus;Perulli;true;1/05/2024
546;Alta;Bruford;false;28/05/2024
547;Deeyn;Crich;true;10/06/2024
548;Saree;Rouff;true;10/03/2024
549;Karen;Karpenko;true;19/08/2023
550;Wittie;Exon;true;24/05/2024
551;Roze;Silverthorn;true;20/06/2023
552;Freddy;Hinrichs;false;24/09/2023
553;Maud;Schonfelder;false;29/01/2023
554;Godiva;Curle;false;00/05/2024
555;Rosalie;Curror;true;15/01/2023
556;Katti;Loreit;true;25/11/2023
557;Tannie;Forrestill;false;19/04/2024
558;Jenine;Heathcoat;false;26/11/2023
559;Feodor;Kasperski;false;16/05/2024
560;Suzie;Mockes;true;10/02/2023
561;Tansy;Iveans;false;17/04/2024
562;Lemuel;Bake;false;5/12/2023
563;Wait;Marin;true;20/02/2024
564;Lindsay;Oliveti;false;25/12/2023
565;Gennie;Mocher;false;31/05/2024
566;Arlyne;Renac;true;29/07/2023
567;Lotty;Feore;true;21/12/2023
568;Mal;Putson;false;16/04/2024
569;Lester;Smaile;false;19/06/2023
570;Lucia;Pargeter;true;6/07/2024
571;Kelvin;Stouther;true;14/02/2024
572;Dorice;Exall;false;16/02/2024
573;Cinnamon;Archley;true;30/03/2024
574;Salome;Devitt;true;27/01/2023
575;Julius;Shorto;false;16/12/2023
576;Pepito;Feighry;true;1/06/2023
577;Grove;Reay;false;31/08/2023
578;Merrill;Maffy;false;11/01/2024
579;Virgina;De la Zenne;true;9/02/2024
580;Callie;Ledrane;false;25/12/2023
581;Roxie;Wadesworth;false;14/12/2023
582;Carroll;Eronie;false;28/07/2023
583;Arther;Beazer;true;18/04/2024
584;Margot;Hanretty;false;9/04/2024
585;Hernando;Smees;false;21/08/2023
586;Fanchon;Bisatt;true;3/10/2023
587;Baldwin;Silley;false;23/05/2024
588;Vale;Blenkiron;true;9/05/2024
589;Shoshanna;Perrott;true;19/06/2023
590;Loree;Gettone;false;10/10/2023
591;Bobbee;Bereford;true;17/02/2023
592;Gerladina;Dorr;false;30/12/2023
593;Bonnee;Mordon;true;16/01/2023
594;Jacques;Ciottoi;false;3/07/2024
595;Modestia;Giocannoni;false;21/09/2023
596;Rowen;Sarjeant;false;20/06/2023
597;Brynna;Lemon;true;6/05/2023
598;Aldo;Elderbrant;false;1/03/2024
599;Cesare;Llopis;false;11/03/2023
600;Marnia;Barhams;false;17/02/2023
601;Caria;Davie;false;29/12/2023
602;Benedicta;McWhan;false;22/02/2024
603;Alexandrina;Letch;true;18/06/2023
604;Denise;Rosenbarg;true;23/11/2023
605;Hermione;Worboy;true;6/05/2023
606;Adair;Dilon;true;6/04/2024
607;Christa;Calver;false;24/01/2024
608;Ann-marie;Capey;true;26/05/2023
609;Cullie;McIlreavy;true;2/12/2023
610;Celene;Nannetti;false;15/04/2023
611;Cloris;Gippes;true;19/12/2023
612;Sisely;Aysik;false;1/03/2024
613;Cross;Blaxill;true;17/04/2024
614;Nicola;Gladstone;false;21/12/2023
615;Janina;Kynaston;false;13/04/2023
616;Jacquelyn;Laneham;false;26/12/2023
617;Lorrie;Priestland;false;16/06/2024
618;Clarence;Souttar;true;2/10/2023
619;Fritz;Dermott;true;15/07/2023
620;Ario;Lincey;false;9/11/2023
621;Taddeusz;Sorrel;true;7/07/2023
622;Cornelius;Buckenhill;false;22/02/2023
623;Antoine;Hazelhurst;false;16/07/2024
624;Margalo;Graser;false;22/01/2023
625;Timmi;Kielty;true;5/01/2024
626;Dorey;Poulston;false;1/05/2024
627;Andros;Parslow;false;20/10/2023
628;Bidget;Jakov;true;8/12/2023
629;Tabbie;Pleass;false;11/05/2023
630;Crysta;Lepoidevin;false;3/06/2024
631;Beniamino;Cometti;true;26/05/2023
632;Trever;Avramchik;false;5/06/2024
633;Sanford;Ambrogelli;false;8/07/2024
634;Jorge;Yakobowitz;false;3/02/2023
635;Augusta;Rapi;true;26/10/2023
636;Klara;Fraczek;false;13/10/2023
637;Flor;Baradel;true;4/02/2024
638;Tom;Bortoli;true;2/05/2023
639;Trixi;Sidgwick;true;27/02/2024
640;Georgy;Kitchingman;false;3/05/2023
641;Kelby;Ovize;true;22/05/2023
642;Desiree;Berardt;true;9/06/2023
643;Consuelo;Columbine;false;11/11/2023
644;Aldridge;Shirrell;true;3/09/2023
645;Deidre;Gaynes;false;3/04/2024
646;Esdras;Pittam;true;8/04/2024
647;Sela;Huet;false;16/07/2023
648;Kasey;Hagart;false;12/11/2023
649;Sonnie;Craven;true;2/01/2024
650;Willey;Breacher;true;25/01/2024
651;Puff;Chesnay;false;19/07/2023
652;Darius;Fabler;false;2/03/2023
653;Maddy;Jacks;true;2/12/2023
654;Pammie;Streatfield;false;3/08/2023
655;Kattie;Jansky;false;17/03/2023
656;Nickolaus;Skingle;false;12/08/2023
657;Dyanna;Frise;false;17/09/2023
658;Torre;MacFaell;true;29/08/2023
659;Marys;Manville;false;25/05/2023
660;Loy;Keavy;true;30/05/2024
661;Audy;Petto;false;1/07/2023
662;Carver;Matyushkin;false;12/01/2024
663;Lynette;Stean;false;6/05/2024
664;Odetta;Jessup;true;28/06/2023
665;Junette;Frank;false;24/08/2023
666;Ethan;Dewane;true;23/04/2024
667;Corey;Showers;false;25/07/2023
668;Annabella;Jestico;false;24/07/2023
669;Shaughn;Boyles;true;11/12/2023
670;Joey;Carcass;true;30/06/2024
671;Kirstyn;Muffett;true;7/07/2024
672;Nancee;Raiker;false;4/11/2023
673;Estella;Stacy;false;11/05/2024
674;Lorant;Parren;true;19/02/2023
675;Rowney;Dow;false;26/04/2023
676;Miller;Taphouse;false;1/12/2023
677;Jessalyn;McGifford;trrue;20/12/2023
678;Elsey;Emanueli;false;25/05/2023
679;Jania;Lanceley;true;28/01/2023
680;Salvador;Pipkin;false;14/07/2023
681;Sol;Seer;false;12/05/2024
682;Francesco;Kleeman;false;13/02/2023
683;Dell;Dunks;true;23/03/2024
684;Dyanna;Raddenbury;false;20/06/2024
685;Mattheus;Wallentin;true;8/08/2023
686;Horatia;Wakes;false;29/06/2023
687;Corty;Murra;false;4/07/2023
688;Isa;Edgcumbe;true;30/12/2023
689;Thoma;Boswell;false;24/03/2024
690;Sarita;Ridoutt;true;19/03/2023
691;Zechariah;Morton;true;28/07/2023
692;Guthrie;Vaneev;true;26/04/2023
693;Darwin;Wethey;true;4/07/2024
694;Hebert;Russan;false;7/03/2023
695;Lorrayne;Stilliard;false;28/01/2023
696;Bradley;Garmon;false;4/11/2023
697;Rafi;Mallison;true;15/06/2024
698;Kizzee;Feek;false;8/03/2023
699;Adan;Ive;false;2/04/2024
700;Cornelia;Crook;false;7/05/2023
701;Ezequiel;Mackrill;false;18/11/2023
702;Yance;Caslane;false;27/07/2023
703;Nickolai;Simeon;true;20/07/2023
704;Reine;Ronald;false;27/03/2024
705;Amabel;Daniell;false;16/09/2023
706;Joanne;Baradel;true;6/01/2023
707;Andreana;Gieves;true;20/04/2023
708;Gregory;Krolle;false;30/06/2024
709;Milly;McKinney;true;12/03/2023
710;Deloris;Geroldini;false;18/05/2023
711;Tania;Harverson;false;23/03/2023
712;Fredrika;Parmley;false;31/05/2024
713;Natala;O'Regan;true;12/03/2024
714;Andra;MacAlinden;false;16/05/2024
715;Benoite;Conkey;true;4/07/2023
716;Laurette;Mossdale;false;2/07/2024
717;Matteo;Giacomasso;false;28/03/2024
718;Anne;Polfer;false;3/11/2023
719;Blayne;Camamile;true;15/03/2023
720;Laverne;Gambrell;true;14/07/2024
721;Meara;Prinn;true;16/01/2023
722;Dacey;Collick;true;30/05/2023
723;Arley;Simanenko;false;11/09/2023
724;Libby;Gerkens;false;10/06/2023
725;Cristabel;Murricanes;true;23/09/2023
726;Carol-jean;Cathcart;true;2/01/2023
727;Yard;Kupka;true;25/02/2023
728;Patin;Gonsalvo;true;16/10/2023
729;Eberhard;Varty;false;27/02/2023
730;Freddie;Porcas;true;4/03/2024
731;Rolando;Newcom;false;15/05/2024
732;Dode;Crooks;false;21/05/2024
733;Marcela;Glenny;false;29/04/2024
734;Brade;Rickets;true;11/07/2023
735;Denny;Jeskins;false;3/05/2024
736;Charlena;Bellelli;false;21/05/2023
737;Giovanni;Gisbye;false;27/01/2023
738;Grace;Ridde;true;28/06/2023
739;Mikael;Primrose;false;20/12/2023
740;Winston;Hamper;true;11/04/2023
741;Malena;De Andisie;false;4/04/2023
742;Nanete;Milmore;true;14/07/2024
743;Ebenezer;Stobbart;true;23/05/2023
744;Deirdre;Blood;true;16/03/2023
745;Tawsha;Littlefair;false;17/09/2023
746;Laurette;Harlow;true;29/04/2023
747;Natty;Grigaut;true;29/07/2023
748;Carlina;Segoe;false;29/05/2024
749;Ulrika;Postians;true;23/04/2024
750;Roland;Howsan;false;27/11/2023
751;Leonerd;Pavolini;true;31/08/2023
752;Pearla;Pointing;true;6/08/2023
753;Demetre;Bakesef;true;8/05/2024
754;Nissa;Urquhart;false;12/05/2024
755;Valeria;Lipscomb;false;31/01/2023
756;Anna-diana;Gouley;true;3/04/2024
757;Anatol;Hellwich;false;10/12/2023
758;Johannah;Sancroft;true;19/06/2024
759;Duane;Laws;false;11/03/2024
760;Elana;Raraty;false;20/02/2024
761;Shepherd;Hudspith;false;24/08/2023
762;Susana;Raffles;false;11/07/2024
763;Ellswerth;Schruyer;false;3/12/2023
764;Nannie;Willoughby;false;14/05/2024
765;Giorgi;Slatter;true;17/04/2023
766;Hanni;Deschelle;true;24/10/2023
767;Cal;Philippeaux;true;18/05/2023
768;Biron;Reyburn;true;7/05/2024
769;Gusti;Joriot;true;27/02/2024
770;Courtenay;Matessian;false;7/04/2024
771;Monika;McMarquis;true;13/02/2024
772;Conrad;Bewfield;true;16/04/2024
773;Noam;Gaiger;false;17/07/2023
774;Kenny;Clawe;false;4/07/2024
775;Fran;Torr;false;5/04/2024
776;Ban;Stokell;true;21/03/2024
777;Ax;Kibby;true;12/01/2024
778;Currie;Quirke;true;19/04/2024
779;Eleanor;Marquess;false;7/06/2023
780;Heindrick;Muffin;false;14/04/2024
781;Cyrus;Burland;false;22/06/2024
782;Sloane;O'Shaughnessy;true;24/10/2023
783;Cassy;Mehaffey;false;3/08/2023
784;Kat;Dinsmore;false;22/06/2023
785;Case;Manvell;true;6/02/2023
786;Manny;Senten;false;14/10/2023
787;Shara;Scartifield;false;19/07/2023
788;Salomo;Skene;false;4/06/2023
789;Clark;Newcome;true;8/07/2024
790;Ravid;Scardefield;false;4/04/2024
791;Carola;Brecknell;false;18/03/2023
792;Biddie;Bramsom;false;4/08/2023
793;Alyosha;O'Cahey;false;19/07/2023
794;Pierrette;Norwell;false;12/04/2023
795;Rania;Stoggles;true;17/04/2023
796;Ludvig;Jocic;true;3/05/2023
797;Ysabel;Eskell;false;6/01/2024
798;Trueman;Screech;true;21/07/2023
799;Mac;Winmill;false;22/03/2024
800;Betteanne;MacQuarrie;false;24/07/2023
801;Richie;Grevile;true;10/03/2024
802;Corry;Clulee;true;29/01/2024
803;Lyda;Otter;true;8/01/2023
804;Annabella;Dickerson;true;3/04/2023
805;Alvera;Dobrowlski;true;3/02/2023
806;Julianna;Petrowsky;false;15/01/2023
807;Gabie;Diehn;true;28/05/2023
808;Brear;Harland;true;2/02/2023
809;Tobey;Mundee;false;23/01/2024
810;Stacey;Pepin;false;24/04/2023
811;Buck;Varran;true;1/08/2023
812;June;Wilstead;false;20/07/2023
813;Fernanda;Bransby;true;21/03/2023
814;Karyl;Petrillo;true;11/10/2023
815;Daffi;Scandwright;true;21/02/2023
816;Edouard;Redwall;false;4/05/2023
817;Burch;Brimfield;false;16/02/2023
818;Meggie;Moorey;true;31/03/2024
819;Kirsten;De Minico;false;26/03/2023
820;Reeva;Pedican;false;19/04/2023
821;Garnet;Lacroux;true;4/01/2024
822;Brander;Lansberry;false;30/05/2024
823;Toby;Dayton;true;15/09/2023
824;Johnathon;Feast;true;20/11/2023
825;Jewell;Screen;true;5/12/2023
826;Harris;Arber;false;22/03/2023
827;Dulcine;Seacroft;true;14/07/2024
828;Freedman;Trosdall;false;10/07/2024
829;Dulsea;Scarrott;true;27/06/2024
830;Brietta;Pischel;false;10/05/2024
831;Eleonore;Delyth;true;24/12/2023
832;Nomi;Cranfield;false;10/01/2023
833;Margot;Wallbank;true;31/08/2023
834;Caroljean;Lamswood;false;21/03/2024
835;Marylynne;Maylott;true;22/10/2023
836;Faunie;Belone;true;25/10/2023
837;Corny;Drepp;true;28/11/2023
838;Angeline;Souness;false;20/09/2023
839;Clay;Tanguy;true;21/11/2023
840;Sherye;Eck;true;31/07/2023
841;La verne;Meacher;false;25/01/2024
842;Pippa;Tarpey;true;12/02/2024
843;Lizzie;Wagstaff;true;19/01/2023
844;Anna-diana;Work;false;9/07/2023
845;Delphinia;MacIlraith;false;26/08/2023
846;Abelard;Bettenay;true;8/06/2023
847;Niels;Necolds;true;18/04/2024
848;Marjory;Fidilis;true;3/01/2023
849;Harman;Alger;false;6/09/2023
850;Hollie;Bourtoumieux;true;9/07/2024
851;Broderick;Pagel;false;27/10/2023
852;Barbey;Klossmann;true;4/05/2023
853;Cindelyn;Pfertner;true;13/02/2023
854;Sigmund;Kippen;false;11/05/2024
855;Estevan;Carress;true;23/02/2023
856;Eliot;Brockelsby;true;19/02/2023
857;Berna;Michele;true;26/01/2024
858;Lacey;M'cowis;false;14/01/2024
859;Suki;Bulfoot;false;17/04/2023
860;Elston;Ruberry;false;30/01/2023
861;Roda;Marthen;false;17/09/2023
862;Jaymie;Richmond;true;21/05/2024
863;Cordie;Pasby;true;18/05/2024
864;Kippie;Marrill;false;27/02/2023
865;Benjy;Bende;true;9/01/2023
866;Melisa;Enriques;true;2/02/2023
867;Temple;Geraud;true;16/03/2024
868;Kenn;Blake;false;29/07/2023
869;Reine;Huygens;false;27/03/2024
870;Marney;Fibbens;true;10/02/2023
871;Aldon;Chudleigh;true;15/10/2023
872;Tori;Mosdall;true;10/07/2023
873;Joly;Chrismas;truee;18/10/2023
874;Shelli;Devonside;false;4/01/2023
875;Jillane;Sarjeant;true;24/05/2023
876;Nickey;Parlott;true;26/10/2023
877;Hunter;Tilio;true;24/03/2023
878;Thomasina;Maydway;false;7/11/2023
879;Audrye;Paterson;false;4/02/2024
880;Amandy;Cashley;false;19/02/2023
881;Olympie;Kerfod;true;6/04/2023
882;Lucia;Duffell;false;27/09/2023
883;Chaunce;Mellings;false;7/04/2024
884;Kettie;Ridgwell;true;30/01/2024
885;Antonio;Shuxsmith;true;22/01/2023
886;Marcelia;Ewles;true;23/01/2024
887;Alphonso;Hubber;false;8/06/2024
888;Robert;Jeff;true;4/01/2023
889;Craig;Gyer;false;27/06/2024
890;Elwin;Fairpool;true;31/05/2024
891;Dilly;Badman;true;16/04/2024
892;Wilt;Dales;true;16/01/2023
893;Brian;McClancy;true;24/05/2024
894;Arlie;McMurty;false;1/03/2023
895;Jakie;Jerzykiewicz;false;14/09/2023
896;Antons;Jime;false;4/11/2023
897;Karl;Dawidowitsch;true;30/08/2023
898;Guinna;Joseph;true;9/06/2024
899;William;Dreher;false;23/04/2023
900;Gale;Gillion;true;22/03/2023
901;Alec;McVity;falsee;7/06/2023
902;Netty;Pinwell;true;17/11/2023
903;Fawn;Charlet;false;27/03/2023
904;Lilas;Flamank;false;14/01/2024
905;Berky;McKinnon;false;13/05/2024
906;Noelle;Biever;true;8/10/2023
907;Kenn;Osipenko;true;25/05/2024
908;Kassie;Studdeard;false;13/11/2023
909;Janeczka;Marner;false;20/10/2023
910;Blondy;Gammage;false;13/01/2023
911;Marianne;Faughnan;true;28/10/2023
912;Melody;Leuty;true;11/05/2024
913;Marthe;Cathee;false;3/05/2024
914;Simone;Silverson;false;25/04/2023
915;Nikolaus;MacAughtrie;false;9/07/2024
916;Mord;Blinman;false;30/11/2023
917;Abdul;Darnell;true;11/02/2024
918;Sukey;Badder;true;23/01/2023
919;Berty;Costell;false;1/08/2023
920;Marcelline;Bullock;false;1/07/2023
921;Regine;Thirlwell;false;26/03/2024
922;Ken;Yarr;true;5/05/2024
923;Orazio;Brunon;true;30/01/2023
924;Jedidiah;Carlozzi;true;28/12/2023
925;Reiko;Riddington;true;20/01/2023
926;Joela;Oliff;true;12/01/2023
927;Moises;Kellet;true;16/09/2023
928;Vitia;Lory;true;5/10/2023
929;Anna-diana;Korbmaker;false;17/04/2024
930;Haydon;Byrde;false;29/09/2023
931;Matthew;Reach;false;21/08/2023
932;Ingemar;Lamble;false;1/12/2023
933;Vita;Jerzyk;false;2/07/2024
934;Gareth;Fahy;false;13/03/2023
935;Jude;Mathewson;true;16/07/2023
936;Eugine;Onion;false;12/02/2024
937;Early;Scholtis;true;20/06/2024
938;Duffy;Standing;false;9/02/2023
939;Arlana;Musico;false;21/04/2024
940;Keely;Mandrake;false;26/08/2023
941;Kimbell;Baumer;false;8/05/2024
942;Moishe;Jakubovics;false;20/05/2023
943;Polly;Hector;true;23/03/2023
944;Sidnee;Reith;false;11/11/2023
945;Marylinda;McCracken;true;11/10/2023
946;Rog;Loude;false;1/04/2024
947;L;urette;teko;26/03/2024
948;Dani;Alway;true;25/09/2023
949;Rhona;Millmoe;true;5/02/2024
950;Erma;Hadingham;true;19/04/2024
951;Hedwig;Gierth;false;23/04/2023
952;Mae;Jirak;false;24/01/2023
953;Sloan;Cowell;true;17/01/2023
954;Eberhard;Leet;true;4/09/2023
955;Spenser;Goldsbrough;false;7/03/2024
956;Amber;Clayworth;tiko;17/03/2023
957;Bonnibelle;Stanney;true;17/11/2023
958;Margy;Stallybrass;true;25/09/2023
959;Xylina;Sagar;true;20/10/2023
960;Merline;Silversmidt;true;25/01/2023
961;Marion;Anscott;false;13/05/2024
962;Ray;Trevethan;false;27/06/2024
963;Piggy;Kapelhof;true;12/04/2024
964;Dierdre;Bernolet;false;7/02/2024
965;Bogart;Goodhew;false;18/10/2023
966;Randall;Demangeon;true;1/04/2023
967;Desiri;Thurlbeck;true;13/01/2023
968;Corrianne;Pavese;false;2/07/2023
969;Niels;Sheffield;true;26/04/2024
970;Dante;Pechell;false;25/01/2023
971;Illa;Gagg;true;18/11/2023
972;Bennie;Baraclough;false;23/02/2024
973;Rodrick;Boynton;toke;17/09/2023
974;Norman;Fossord;true;23/07/2023
975;Bobbi;Reedman;false;23/09/2023
976;Doroteya;Cleeton;true;20/06/2023
977;Tierney;Danell;true;11/07/2023
978;Christie;Isabell;true;13/01/2024
979;Mord;Beek;true;4/12/2023
980;Rozella;Stempe;falso;29/08/2023
981;Etienne;Dubock;true;5/03/2023
982;Cherilynn;Barniss;true;9/04/2024
983;Ali;Brunotti;false;1/06/2023
984;Joceline;Ilchuk;true;29/04/2023
985;Shena;Faustian;true;7/04/2024
986;Stanly;Jikylls;true;20/03/2023
987;Libby;Dudderidge;true;13/02/2023
988;Suzann;Stockow;true;30/03/2024
989;Floria;Pickrell;false;22/01/2023
990;Ursola;Greenrde;true;28/03/2023
991;Enrico;Priestner;fals0;7/10/2023
992;Erinna;Linthead;true;20/03/2023
993;Woody;Fabry;true;2/02/2023
994;Liza;Conti;true;20/04/2023
995;Rafferty;Tallet;true;25/12/2023
996;Kelli;Kollach;false;2/03/2024
997;Alanah;Comiskey;false;15/10/2023
998;Yettie;Besemer;true;7/07/2023
999;Phillida;Carrier;false;11/05/2024
1000;Hewett;Hanington;true;15/08/2023
